pair_index,speaker_0,speaker_1,utt_0,utt_1,vad_ind_mae,vad_ind_max,vad_shared_mae,vad_shared_max,vad_random_mae,vad_random_max,wave_ind_mae,wave_ind_max,wave_shared_mae,wave_shared_max,wave_random_mae,wave_random_max
1,1089,1188,1089-134691-0001.flac,1188-133604-0000.flac,0.31945782181981464,1.0,0.2886712849140167,1.0,0.4100255228883421,0.9884081234082996,0.27912237763439846,1.0,0.21850524842739105,1.0,0.3779537210738951,0.9804795529847606
2,121,1221,121-121726-0001.flac,1221-135767-0001.flac,0.26273436355085306,1.0,0.14393794536590576,1.0,0.3625210613912066,0.9563312073493949,0.23648213556482525,0.8955340229488644,0.2542431950569153,0.9732364416122437,0.39167863548075765,0.9841169795989557
3,1284,1320,1284-1181-0000.flac,1320-122617-0000.flac,0.13842261108124215,1.0,0.13277697563171387,1.0,0.4526423928143814,0.9908006692383973,0.3372498962097876,0.8419809217612831,0.24968703091144562,0.8605424165725708,0.3864962678703933,0.9834664441689416
4,1580,1995,1580-141083-0001.flac,1995-1836-0001.flac,0.10887797900609138,1.0,0.10198789834976196,1.0,0.4417350971175421,0.9770535049096444,0.2323969683719321,1.0,0.19417497515678406,1.0,0.4865661968368211,0.9808097218618438
5,2094,2300,2094-142345-0001.flac,2300-131720-0000.flac,0.22156350469907637,1.0,0.18169762194156647,0.9087494611740112,0.4543943762912371,0.9967613960743466,0.31937128727016284,1.0,0.3164268732070923,1.0,0.34491680468181246,0.9967613960743466
6,237,260,237-134500-0000.flac,260-123440-0001.flac,0.3228308989337187,0.6610504013713953,0.25238874554634094,0.5505131483078003,0.3062470812686216,0.9774934785535284,0.15271783082307797,0.5862379215463731,0.1255241334438324,0.45746710896492004,0.31714923728231414,0.9774934785535284
7,2830,2961,2830-3980-0001.flac,2961-960-0001.flac,0.2218301246610745,1.0,0.20849110186100006,1.0,0.3784364447231561,0.9931972722927533,0.25109202108420686,1.0,0.18439911305904388,1.0,0.3977586365203275,0.9995962207576975
8,3570,3575,3570-5694-0001.flac,3575-170457-0000.flac,0.31387244776642764,1.0,0.2747778296470642,1.0,0.45520101459077056,0.9938093872944312,0.31665309384448503,1.0,0.23500806093215942,1.0,0.4461506644476561,0.9965181537554727
9,3729,4077,3729-6852-0001.flac,4077-13754-0001.flac,0.12277352014679291,1.0,0.11233004927635193,1.0,0.4019534569765205,0.9882239270493243,0.1551821321132836,1.0,0.13529986143112183,1.0,0.4478640343889229,0.9882239270493243
10,4446,4507,4446-2271-0001.flac,4507-16021-0001.flac,0.03331026925953751,0.8500983441192722,0.03250763937830925,0.7957096099853516,0.5076965631995461,0.9969165455164697,0.22153479956400893,1.0,0.16659586131572723,1.0,0.4755628579447488,0.9969165455164697
11,4970,4992,4970-29095-0001.flac,4992-41797-0000.flac,0.21218093622264486,0.7444039027145462,0.0961650088429451,0.8180738687515259,0.3668148183859803,0.9997418766545633,0.28479205154658144,1.0,0.17170265316963196,1.0,0.4002397149097777,0.9926952930407735
12,5105,5142,5105-28241-0000.flac,5142-36377-0000.flac,0.22144913820347814,0.9034650226869482,0.24927042424678802,0.913127064704895,0.4386383770165074,0.9918707639133272,0.11808520991507424,1.0,0.10326769202947617,0.951044499874115,0.44326537668027505,0.9918707639133272
13,5639,5683,5639-40744-0001.flac,5683-32865-0001.flac,0.24744035439368586,0.945721583873131,0.24031643569469452,0.9457215666770935,0.3788062843978451,0.9632843452777199,0.13898614393923145,1.0,0.13322073221206665,1.0,0.5081630542810744,0.9982568887384221
14,61,672,61-70968-0000.flac,672-122797-0001.flac,0.2545797659686138,1.0,0.19846263527870178,1.0,0.4227074058045854,0.986746709870017,0.23582202680241898,1.0,0.17458988726139069,1.0,0.4628693073295601,0.9941620596702936
15,6829,6930,6829-68769-0000.flac,6930-75918-0000.flac,0.4671743575329525,1.0,0.48130136728286743,1.0,0.3119329991455373,0.8723650154706705,0.4060872754081825,0.9861769121305203,0.42996832728385925,0.9861769080162048,0.3332917144957987,0.9925806404171905
16,7021,7127,7021-79759-0000.flac,7127-75947-0001.flac,0.2241437990894746,1.0,0.19058197736740112,1.0,0.4753477934799409,0.9894354348769467,0.34912955245241767,1.0,0.338172048330307,1.0,0.3543665019976853,0.9934557563971488
17,7176,7729,7176-92135-0000.flac,7729-102255-0000.flac,0.48714603654502037,1.0,0.3463621735572815,0.8618203997612,0.41405300211149365,0.9962658149048991,0.31043921115248707,1.0,0.2225784957408905,1.0,0.37851187897589844,0.9962658149048991
18,8224,8230,8224-274384-0000.flac,8230-279154-0000.flac,0.2424348340662636,1.0,0.24005873501300812,1.0,0.493573827434853,0.9852976689059886,0.18890386590471328,0.746170216005326,0.16789387166500092,0.8089821338653564,0.4442112911121568,0.998472150721546
19,8455,8463,8455-210777-0000.flac,8463-287645-0001.flac,0.37645024274568833,1.0,0.3606452941894531,1.0,0.3105919340958962,0.9883521732609567,0.21359671123760932,1.0,0.1751890629529953,1.0,0.4582081613570455,0.9964775173094228
20,8555,908,8555-292519-0000.flac,908-157963-0000.flac,0.3287915255446945,1.0,0.26983556151390076,1.0,0.3974308932315255,0.9989425991176655,0.24670640695633883,1.0,0.22316788136959076,1.0,0.4082524167554303,0.9989425991176655
21,1272,1462,1272-128104-0000.flac,1462-170138-0001.flac,0.26768749972753453,1.0,0.25839921832084656,1.0,0.45362751231493015,0.9684169413775262,0.1682855157817347,1.0,0.08817966282367706,1.0,0.4141335293812228,0.9843618377797355
22,1673,174,1673-143396-0000.flac,174-50561-0001.flac,0.32506869408323796,1.0,0.2905118465423584,0.9369905591011047,0.4665207203067806,0.9965090888677043,0.29259492059425096,1.0,0.15531042218208313,0.9677399396896362,0.47805340948653574,0.9984833376217195
23,1988,1993,1988-147956-0001.flac,1993-147965-0000.flac,0.3937185772052876,1.0,0.3867584466934204,1.0,0.43280820743444026,0.9884809200703247,0.18736291671069624,0.8910836653903962,0.1877458244562149,0.9135787487030029,0.4378254296879586,0.9836089120818029
24,2035,2078,2035-147960-0000.flac,2078-142845-0000.flac,0.2527477458295603,1.0,0.23098908364772797,1.0,0.41252148067966515,0.9998588556900896,0.17851383083775452,1.0,0.1687474250793457,1.0,0.5137877630015312,0.9998588556900896
25,2086,2277,2086-149214-0000.flac,2277-149896-0000.flac,0.30993664060134635,1.0,0.30693110823631287,1.0,0.3049689823545738,0.941327519200639,0.0983586610750261,1.0,0.08334566652774811,1.0,0.45368313335362054,0.9917543330324591
26,2428,251,2428-83705-0000.flac,251-136532-0000.flac,0.18476710421432724,1.0,0.11431006342172623,1.0,0.47807747761946384,0.9948458207476768,0.25108548658174296,0.7230306135163695,0.3720758259296417,0.8270894289016724,0.2993038914441946,0.9548010511742948
27,2803,2902,2803-161169-0001.flac,2902-9006-0000.flac,0.261703137872335,0.8024631367282238,0.2308744639158249,0.8024631142616272,0.4364671275701358,0.9995453594853602,0.18634166501996977,0.7772693984541668,0.197267085313797,0.8933499455451965,0.5026382467678006,0.9787939625546199
28,3000,3081,3000-15664-0000.flac,3081-166546-0001.flac,0.25439207715542783,1.0,0.24543343484401703,1.0,0.33696305217660094,0.966473565791776,0.24037777747813696,1.0,0.181675985455513,0.8785033822059631,0.3702834900830225,0.977863599351956
29,3170,3752,3170-137482-0000.flac,3752-4943-0000.flac,0.354155209078101,1.0,0.33922678232192993,1.0,0.3718623452883763,0.9461255552081187,0.20722784277966874,1.0,0.1428484469652176,0.8816762566566467,0.37949309913418794,0.9910198391972612
30,5338,5536,5338-284437-0000.flac,5536-43358-0001.flac,0.21159218925480267,0.9513552609269479,0.21310323476791382,0.9855265021324158,0.3798798893013487,0.9846027246264951,0.3083031100559073,0.9652287542389022,0.28733712434768677,0.9652287364006042,0.4229503528457379,0.9968049446372016
31,5895,6295,5895-34629-0001.flac,6295-244435-0000.flac,0.13973641250987667,1.0,0.117238350212574,1.0,0.4732559032180106,0.9917248948959615,0.21614539088828968,1.0,0.06616200506687164,0.9039582014083862,0.4796238284291047,0.9917248948959615
32,6313,6319,6313-66125-0001.flac,6319-57405-0000.flac,0.2633198210954661,1.0,0.24365563690662384,1.0,0.45899648765950746,0.9942996509859803,0.27121477325257826,0.9655614179226578,0.33980700373649597,0.9928620457649231,0.4670084442704132,0.9964999360808374
33,6345,777,6345-93302-0001.flac,777-126732-0000.flac,0.2465303485066186,0.9090938659225161,0.25724390149116516,0.9217983484268188,0.34405235362335057,0.9752745576317774,0.27438900867365307,1.0,0.2690061330795288,1.0,0.4628015094667523,0.9923701456822955
34,7850,7976,7850-73752-0000.flac,7976-110124-0000.flac,0.1807017050715423,1.0,0.17899703979492188,1.0,0.5245395024836674,0.9909081528849191,0.3638072322296425,1.0,0.12468642741441727,0.9653735160827637,0.4613701917923872,0.9905832706129515
35,8297,84,8297-275156-0001.flac,84-121123-0001.flac,0.2240623055547838,1.0,0.1878638118505478,1.0,0.4033367133687556,0.9586480781737023,0.19905225616248373,0.76742502090137,0.21685004234313965,0.9641991257667542,0.4903937726678176,0.9916568514343728
